make,model,year,mileage_km,fuel_type,transmission,owner_count,location_city,engine_cc,power_bhp,seats,price
Honda,Amaze,2020,68452,Hybrid,Manual,1,Delhi,1060,69.1,5,486259
Maruti,Swift,2011,173088,Petrol,Manual,1,Chennai,1380,91.9,5,120000
Tata,Tiago,2024,14772,Petrol,Manual,2,Bengaluru,1237,83.2,5,493721
Maruti,Swift,2021,46064,Petrol,Manual,1,Pune,1808,98.0,5,386674
Maruti,Baleno,2010,176287,Diesel,Manual,1,Mumbai,1521,114.8,5,141219
Toyota,Corolla,2011,176830,Petrol,Automatic,1,Bengaluru,1101,68.3,5,320559
Mahindra,Bolero,2020,61915,Petrol,Manual,1,Hyderabad,1874,127.1,5,571484
Hyundai,i20,2012,156507,Petrol,Manual,1,Chennai,1275,97.3,5,187299
Toyota,Yaris,2011,166155,Diesel,Manual,1,Mumbai,800,40.4,5,232782
Honda,Amaze,2011,166499,Petrol,Automatic,2,Mumbai,846,40.0,5,199222
Tata,Altroz,2019,73659,Diesel,Automatic,1,Hyderabad,1420,90.9,5,429179
Tata,Tiago,2009,195273,Petrol,Manual,1,Mumbai,1468,109.0,5,120000
Hyundai,Creta,2021,55647,Diesel,Automatic,1,Kolkata,1400,82.3,5,766579
Honda,WR-V,2022,47299,Diesel,Automatic,1,Chennai,1460,104.3,5,643253
Honda,Amaze,2013,145957,Petrol,Automatic,2,Delhi,800,53.7,5,200253
Kia,Seltos,2010,188588,Diesel,Manual,1,Mumbai,1062,73.0,5,306566
Honda,WR-V,2018,84111,Diesel,Manual,1,Delhi,1071,80.7,7,394459
Toyota,Etios,2010,179620,Diesel,Automatic,1,Hyderabad,1434,86.2,5,128764
Tata,Nexon,2013,141395,Petrol,Manual,1,Kolkata,1262,111.3,5,345594
Honda,Amaze,2023,20444,Petrol,Manual,1,Pune,1348,76.9,5,638657
Maruti,Swift,2018,84072,CNG,Manual,1,Chennai,800,68.0,5,269224
Mahindra,XUV500,2023,16218,Diesel,Automatic,1,Mumbai,1427,94.2,5,1621086
Kia,Sonet,2010,182381,Diesel,Manual,1,Kolkata,1533,107.7,5,184954
Maruti,Celerio,2023,23545,Petrol,Manual,1,Delhi,1486,103.7,5,394901
Mahindra,Bolero,2009,189607,Diesel,Manual,1,Delhi,1315,110.8,5,155690
Mahindra,XUV500,2022,34708,CNG,Automatic,1,Chennai,1541,89.1,5,1245513
Mahindra,Thar,2019,61736,CNG,Manual,1,Hyderabad,1819,119.5,5,757328
Toyota,Etios,2013,148694,Diesel,Manual,4,Mumbai,1244,75.2,5,185728
Maruti,Dzire,2009,190191,CNG,Manual,1,Bengaluru,1436,94.9,5,121028
Kia,Sonet,2012,158965,Petrol,Automatic,1,Delhi,1110,74.4,4,290691
Hyundai,Creta,2020,59025,Diesel,Manual,1,Kolkata,1377,92.0,5,742605
Toyota,Corolla,2013,147414,Hybrid,Manual,1,Pune,977,73.2,5,315094
Toyota,Etios,2012,157982,Petrol,Automatic,2,Kolkata,1551,107.3,5,161419
Toyota,Etios,2021,47336,Petrol,Automatic,1,Chennai,800,41.9,5,509551
Mahindra,Thar,2015,119461,Petrol,Manual,3,Bengaluru,800,60.2,5,447345
Maruti,Baleno,2012,153659,Hybrid,Manual,1,Bengaluru,901,55.0,5,203782
Mahindra,XUV300,2008,195172,Diesel,Manual,1,Pune,1313,94.2,5,183216
Kia,Carens,2013,141483,Diesel,Manual,1,Chennai,1391,100.8,5,403903
Honda,City,2012,153157,Petrol,Manual,1,Pune,1072,54.1,4,278899
Tata,Tigor,2018,75156,Petrol,Automatic,1,Bengaluru,1133,89.4,5,367090
Mahindra,Bolero,2022,38460,Petrol,Automatic,2,Kolkata,1190,79.5,5,722235
Kia,Carens,2020,68397,Petrol,Automatic,1,Pune,1019,64.2,5,815638
Toyota,Glanza,2011,167647,Petrol,Manual,4,Pune,1617,103.9,5,148238
Mahindra,Thar,2009,198731,Hybrid,Automatic,1,Bengaluru,1292,85.6,5,264752
Maruti,Baleno,2022,32189,Diesel,Automatic,2,Bengaluru,1291,83.9,5,607713
Maruti,Celerio,2009,194980,Diesel,Manual,1,Hyderabad,1183,74.8,5,120000
Maruti,Baleno,2011,169612,Petrol,Manual,3,Chennai,800,49.3,5,120706
Tata,Tiago,2010,172925,Petrol,Manual,2,Kolkata,1006,59.5,5,120000
Hyundai,Creta,2012,169192,Petrol,Manual,4,Delhi,1794,125.3,5,275225
Honda,Jazz,2019,60503,Petrol,Manual,1,Pune,1222,88.5,5,438793
Maruti,Swift,2023,21569,Petrol,Manual,1,Pune,1268,83.1,5,506559
Toyota,Glanza,2017,96397,Petrol,Manual,1,Hyderabad,1357,106.5,5,334011
Hyundai,i20,2018,83915,Diesel,Manual,3,Delhi,843,40.0,7,312295
Honda,WR-V,2013,142456,Petrol,Manual,1,Mumbai,915,50.2,7,240891
Maruti,Baleno,2024,12796,Hybrid,Automatic,1,Chennai,1436,98.3,5,713785
Hyundai,i20,2024,12192,Diesel,Manual,3,Chennai,1346,114.2,5,642325
Mahindra,Bolero,2016,108694,Petrol,Manual,1,Mumbai,800,44.9,5,377114
Honda,Amaze,2019,76967,CNG,Manual,1,Kolkata,1593,102.9,5,361954
Hyundai,Verna,2015,119342,Petrol,Manual,1,Mumbai,1454,96.3,5,375378
Kia,Seltos,2015,116676,Petrol,Manual,1,Kolkata,800,53.2,5,399100
Toyota,Yaris,2014,128588,Diesel,Manual,3,Mumbai,1086,61.2,5,315422
Toyota,Etios,2008,206849,Petrol,Automatic,2,Hyderabad,1304,82.6,5,120000
Kia,Sonet,2023,26672,Diesel,Automatic,1,Chennai,1090,58.7,5,978512
Hyundai,Verna,2022,35460,Diesel,Manual,1,Kolkata,982,78.0,5,784510
Mahindra,XUV500,2019,72023,Petrol,Manual,2,Hyderabad,1096,67.4,5,779548
Hyundai,i20,2015,120478,Diesel,Automatic,1,Pune,1127,77.2,5,296637
Hyundai,Verna,2014,137911,Petrol,Manual,1,Pune,846,62.4,5,329312
Tata,Tiago,2023,21844,Petrol,Manual,1,Delhi,1007,59.2,5,447577
Honda,City,2011,160864,Petrol,Automatic,1,Pune,1417,94.7,5,275541
Kia,Carens,2014,139623,Petrol,Automatic,1,Pune,800,50.8,5,454014
Hyundai,Creta,2018,77505,Petrol,Automatic,2,Hyderabad,1289,82.6,5,609852
Kia,Carens,2020,53590,Petrol,Automatic,1,Pune,800,42.1,5,843139
Toyota,Corolla,2013,137586,CNG,Automatic,1,Bengaluru,1702,121.1,5,351725
Hyundai,i20,2012,162619,Diesel,Automatic,1,Mumbai,1053,67.7,5,235069
Toyota,Yaris,2023,24878,Petrol,Automatic,1,Delhi,844,52.9,4,877323
Honda,Amaze,2012,160729,Petrol,Automatic,1,Hyderabad,800,61.9,5,183096
Maruti,Swift,2024,14222,Petrol,Automatic,1,Delhi,1145,97.2,5,592680
Hyundai,Creta,2014,134845,Diesel,Manual,1,Kolkata,800,47.0,5,412305
Kia,Seltos,2008,216554,Diesel,Automatic,1,Chennai,1342,91.3,5,210409
Hyundai,Verna,2024,12395,Petrol,Manual,2,Bengaluru,1588,99.7,5,1000733
Kia,Carens,2018,83405,Diesel,Manual,1,Chennai,1050,70.9,5,655311
Tata,Nexon,2012,153224,Diesel,Automatic,2,Hyderabad,1551,114.1,5,295548
Mahindra,XUV500,2022,32442,Diesel,Automatic,1,Delhi,908,52.7,5,1314464
Tata,Nexon,2024,5000,Petrol,Manual,1,Bengaluru,800,66.7,5,1266593
Tata,Altroz,2024,13135,CNG,Manual,1,Mumbai,1537,100.6,4,750350
Maruti,Dzire,2013,147158,Diesel,Automatic,3,Mumbai,1251,67.9,5,187274
Maruti,Baleno,2013,148016,CNG,Manual,2,Bengaluru,800,61.0,5,199977
Toyota,Corolla,2009,185378,Petrol,Manual,4,Chennai,1631,107.0,5,193708
Mahindra,Thar,2011,170994,Petrol,Manual,2,Mumbai,885,68.2,5,310737
Maruti,Baleno,2014,126868,Petrol,Manual,2,Chennai,935,61.2,7,179858
Maruti,Swift,2024,15113,Diesel,Manual,1,Pune,1154,77.2,5,539058
Tata,Tiago,2010,183532,Petrol,Manual,1,Pune,1017,72.6,5,120000
Honda,Amaze,2016,106688,Diesel,Automatic,1,Pune,815,67.0,5,281415
Tata,Nexon,2024,13555,Petrol,Manual,1,Bengaluru,1221,86.2,5,1178867
Mahindra,XUV500,2014,128621,Diesel,Automatic,1,Kolkata,893,73.4,5,485393
Toyota,Yaris,2021,47754,Petrol,Automatic,1,Hyderabad,1388,88.1,5,705452
Toyota,Glanza,2018,83435,Petrol,Manual,1,Hyderabad,922,50.5,5,325881
Mahindra,XUV300,2021,53017,Diesel,Manual,2,Hyderabad,1367,77.8,5,682518
Hyundai,Verna,2011,174123,Diesel,Automatic,1,Kolkata,1849,136.8,5,223821
Hyundai,Verna,2012,146697,Petrol,Manual,1,Chennai,1051,81.1,5,260886
Hyundai,Creta,2015,119557,Petrol,Manual,1,Delhi,828,48.3,4,476571
Maruti,Dzire,2023,29253,Petrol,Manual,1,Bengaluru,1460,95.7,5,594307
Mahindra,XUV300,2013,148488,Petrol,Manual,1,Delhi,937,48.3,5,284820
Toyota,Glanza,2018,94617,Petrol,Manual,2,Pune,1248,87.8,5,366682
Hyundai,Verna,2018,82646,Diesel,Manual,2,Hyderabad,1038,75.0,5,468436
Mahindra,XUV500,2008,199613,Petrol,Manual,1,Chennai,1397,92.5,5,255079
Tata,Nexon,2022,31401,CNG,Automatic,1,Delhi,812,57.1,4,1049515
Maruti,Dzire,2018,76621,Petrol,Automatic,2,Mumbai,1434,97.1,4,346267
Tata,Tigor,2024,13159,Diesel,Manual,1,Hyderabad,1477,75.2,5,616934
Maruti,Baleno,2011,164372,Petrol,Manual,3,Hyderabad,800,61.8,5,131263
Honda,Jazz,2009,192166,Petrol,Automatic,2,Kolkata,1504,101.3,7,120000
Hyundai,Verna,2012,153945,Petrol,Manual,1,Kolkata,1453,102.6,7,219005
Toyota,Etios,2020,57829,Diesel,Manual,1,Bengaluru,949,68.4,5,415296
Tata,Nexon,2018,85168,Diesel,Automatic,1,Hyderabad,974,44.5,5,572814
Honda,City,2013,142045,Electric,Manual,1,Pune,1098,70.7,5,396353
Maruti,Celerio,2008,200354,Petrol,Manual,1,Delhi,1231,79.9,5,120000
Maruti,Celerio,2010,180168,Petrol,Automatic,1,Mumbai,1685,106.2,7,120000
Kia,Seltos,2010,180035,Petrol,Manual,1,Chennai,1666,129.2,5,256836
Kia,Seltos,2022,43536,Petrol,Automatic,1,Hyderabad,1052,76.8,5,1010093
Honda,WR-V,2016,118466,CNG,Manual,2,Mumbai,1405,74.6,5,363997
Hyundai,i20,2024,5000,Hybrid,Manual,1,Delhi,1382,118.2,4,841903
Hyundai,i20,2013,140373,Petrol,Manual,1,Chennai,1028,71.9,5,206815
Maruti,Baleno,2014,133616,Diesel,Manual,1,Chennai,954,76.1,5,225879
Mahindra,XUV500,2024,15603,Petrol,Manual,1,Kolkata,1675,114.1,5,1495718
Hyundai,Verna,2022,34105,Diesel,Manual,1,Mumbai,998,51.2,5,819541
Mahindra,XUV300,2016,101678,Hybrid,Automatic,1,Chennai,1978,127.0,5,408565
Kia,Seltos,2016,111913,Petrol,Automatic,1,Hyderabad,1426,100.8,5,477994
Maruti,Swift,2024,11158,Petrol,Manual,1,Mumbai,1440,95.2,5,587140
Hyundai,Creta,2015,123849,Petrol,Automatic,1,Pune,1765,118.3,5,438200
Maruti,Dzire,2023,26105,Diesel,Automatic,1,Mumbai,1254,92.4,5,657789
Kia,Sonet,2024,20623,Petrol,Manual,1,Chennai,1514,98.0,7,1021315
Mahindra,XUV300,2015,117068,Diesel,Automatic,1,Chennai,1209,91.3,5,409925
Hyundai,i10,2020,62272,Petrol,Manual,4,Chennai,1164,73.0,5,205977
Maruti,Baleno,2008,200871,Petrol,Manual,1,Hyderabad,1505,91.1,5,120000
Mahindra,XUV500,2021,50485,Diesel,Manual,1,Bengaluru,1312,83.5,5,1138949
Maruti,Swift,2020,63218,Petrol,Manual,3,Kolkata,1405,88.1,5,302605
Tata,Tigor,2015,121704,Petrol,Manual,1,Delhi,1288,87.4,5,205685
Honda,City,2022,41052,Petrol,Manual,1,Bengaluru,1154,66.4,7,896381
Hyundai,Verna,2022,43025,Petrol,Manual,1,Hyderabad,1675,121.2,5,690536
Honda,Jazz,2018,80680,Petrol,Automatic,3,Mumbai,1211,76.0,5,419388
Honda,Amaze,2009,196424,Petrol,Automatic,1,Chennai,927,65.1,5,126790
Hyundai,Verna,2013,140655,Diesel,Manual,3,Hyderabad,954,55.2,7,266927
Honda,WR-V,2010,176349,Petrol,Manual,2,Pune,1165,71.5,5,153227
Honda,Amaze,2015,126518,Petrol,Manual,2,Mumbai,1463,95.8,7,278129
Kia,Seltos,2010,182082,CNG,Manual,1,Chennai,1074,79.2,5,271109
Kia,Seltos,2012,157201,Petrol,Manual,1,Pune,1129,62.1,5,343977
Tata,Tiago,2020,57722,CNG,Manual,1,Hyderabad,801,52.4,5,324914
Honda,Jazz,2015,119613,Petrol,Manual,1,Hyderabad,823,57.8,5,261026
Tata,Altroz,2020,64604,Petrol,Manual,1,Kolkata,842,42.3,5,380016
Honda,WR-V,2012,153977,Petrol,Automatic,1,Chennai,1358,67.5,5,254344
Mahindra,XUV300,2009,199640,Petrol,Manual,1,Kolkata,1073,72.5,5,182061
Kia,Carens,2024,5000,Petrol,Manual,1,Delhi,907,57.0,4,1212619
Toyota,Yaris,2024,10330,CNG,Manual,1,Kolkata,800,54.0,5,942643
Tata,Tiago,2015,126808,Petrol,Manual,1,Hyderabad,1708,116.1,5,177838
Maruti,Swift,2012,163703,Petrol,Automatic,1,Delhi,800,51.6,5,129457
Honda,City,2020,63649,Petrol,Manual,1,Kolkata,1216,86.6,5,698801
Toyota,Corolla,2008,205784,Petrol,Manual,2,Delhi,1338,88.0,5,179818
Tata,Altroz,2023,28494,Petrol,Manual,1,Chennai,815,50.6,5,547127
Maruti,Dzire,2010,181226,Diesel,Manual,4,Delhi,1304,95.7,5,120000
Tata,Tiago,2024,5970,Petrol,Automatic,1,Hyderabad,1344,101.7,7,624260
Mahindra,Thar,2016,104820,CNG,Manual,1,Kolkata,1116,69.2,5,542541
Maruti,Celerio,2015,126916,Petrol,Automatic,2,Delhi,1508,99.3,7,148085
Kia,Seltos,2015,118907,Petrol,Manual,1,Delhi,1257,75.7,4,449956
Mahindra,Thar,2023,20565,Diesel,Automatic,1,Kolkata,800,62.0,5,1243363
Toyota,Corolla,2023,25651,Petrol,Automatic,1,Delhi,981,58.8,5,1298773
Honda,City,2014,129031,Petrol,Manual,1,Hyderabad,839,65.4,5,401486
Tata,Altroz,2018,84153,Petrol,Manual,1,Chennai,1330,73.8,5,318416
Mahindra,XUV500,2012,159802,CNG,Automatic,2,Hyderabad,836,59.0,5,320494
Toyota,Corolla,2023,21263,Petrol,Manual,1,Chennai,1145,76.8,5,942330
Mahindra,Bolero,2014,132809,Petrol,Manual,2,Delhi,1225,71.8,5,254742
Toyota,Etios,2024,8897,Diesel,Manual,1,Chennai,1182,71.7,5,665349
Toyota,Glanza,2022,31172,Diesel,Manual,1,Kolkata,1204,62.4,7,548521
Maruti,Baleno,2017,98119,Diesel,Automatic,1,Hyderabad,1248,78.8,5,347795
Toyota,Corolla,2017,96424,Petrol,Manual,1,Pune,1758,112.8,5,549054
Maruti,Dzire,2016,113702,Petrol,Automatic,3,Pune,1259,86.4,5,237253
Hyundai,i10,2010,178158,Petrol,Manual,1,Mumbai,1055,49.9,5,120000
Maruti,Baleno,2024,11771,Petrol,Manual,1,Chennai,1353,87.0,5,683648
Honda,Amaze,2024,15959,Hybrid,Manual,1,Chennai,1727,110.2,5,719337
Maruti,Celerio,2015,117435,Petrol,Manual,1,Pune,1437,103.7,7,151912
Toyota,Glanza,2008,202016,Petrol,Manual,3,Bengaluru,1216,83.6,5,120000
Maruti,Dzire,2022,41547,Diesel,Manual,2,Pune,1291,81.0,5,549108
Honda,Amaze,2021,42973,Petrol,Manual,1,Chennai,1095,92.1,5,457197
Toyota,Etios,2011,168492,Petrol,Automatic,1,Kolkata,1690,100.5,7,143620
Honda,City,2018,81974,Diesel,Automatic,1,Kolkata,856,60.5,7,548585
Honda,WR-V,2011,171777,Petrol,Manual,2,Bengaluru,1093,80.3,5,185295
Mahindra,Bolero,2017,94750,Diesel,Manual,1,Chennai,1170,80.6,5,346467
Honda,City,2020,63721,Petrol,Manual,1,Pune,800,48.5,5,765899
Kia,Carens,2010,186556,Petrol,Automatic,2,Chennai,1646,89.6,5,257706
Toyota,Etios,2009,187230,Diesel,Automatic,2,Chennai,850,64.1,5,124846
Maruti,Swift,2017,95964,Diesel,Manual,1,Delhi,1097,84.7,4,212602
Hyundai,i10,2016,112162,Petrol,Manual,1,Pune,1501,105.1,5,182903
Tata,Tigor,2014,132214,Petrol,Manual,1,Kolkata,800,66.2,5,166647
Honda,WR-V,2008,207159,Diesel,Manual,1,Kolkata,1103,63.9,5,136713
Kia,Carens,2020,53822,Petrol,Manual,1,Mumbai,1142,74.4,5,980316
Tata,Altroz,2010,183880,Diesel,Automatic,1,Hyderabad,1405,97.4,5,134804
Mahindra,Thar,2022,33396,Diesel,Manual,1,Mumbai,1400,86.3,5,1192026
Kia,Seltos,2017,93317,Diesel,Automatic,1,Pune,1410,108.5,5,595210
Maruti,Baleno,2013,153330,Petrol,Manual,1,Pune,1447,80.4,5,203160
Toyota,Etios,2017,95674,Petrol,Manual,2,Chennai,843,48.2,5,263589
Honda,Jazz,2020,62404,Diesel,Manual,2,Delhi,1273,75.9,5,410829
Hyundai,Verna,2023,26052,Petrol,Manual,1,Mumbai,1151,65.5,7,909549
Mahindra,Thar,2011,167289,Diesel,Automatic,1,Bengaluru,1722,112.9,5,307261
Mahindra,XUV300,2010,182143,Petrol,Manual,3,Bengaluru,1437,96.7,5,203692
Tata,Nexon,2015,118490,Diesel,Automatic,1,Pune,1384,110.7,5,487195
Honda,WR-V,2021,53464,Diesel,Manual,1,Bengaluru,1809,115.1,7,610023
Tata,Altroz,2015,131528,Hybrid,Manual,1,Hyderabad,999,70.8,5,251836
Hyundai,Verna,2010,185170,Diesel,Automatic,1,Chennai,1133,76.7,5,183557
Hyundai,Verna,2016,107353,Petrol,Automatic,1,Kolkata,1369,83.3,5,378730
Tata,Altroz,2008,207864,Diesel,Automatic,2,Delhi,970,51.5,5,120000
Kia,Sonet,2020,61474,Petrol,Manual,2,Pune,1452,101.3,7,657744
Mahindra,XUV300,2020,70380,Petrol,Manual,1,Chennai,1134,68.7,5,559974
Honda,City,2023,20628,Petrol,Automatic,1,Chennai,847,55.1,5,1005182
Tata,Tigor,2012,144262,Petrol,Manual,1,Delhi,1223,73.3,5,135917
Tata,Altroz,2010,170301,Petrol,Manual,1,Chennai,1275,95.9,5,141548
Hyundai,Creta,2020,60611,CNG,Manual,1,Delhi,1044,70.1,5,773493
Toyota,Glanza,2017,95336,Diesel,Manual,1,Kolkata,1389,83.5,5,302453
Kia,Seltos,2012,153164,Petrol,Automatic,2,Hyderabad,913,68.7,4,310656
Toyota,Glanza,2023,29393,Petrol,Manual,2,Hyderabad,1261,85.2,5,598049
Maruti,Dzire,2024,10384,Diesel,Manual,1,Kolkata,1162,68.8,5,627899
Toyota,Glanza,2015,108360,Hybrid,Automatic,3,Kolkata,1294,70.7,4,249832
Maruti,Baleno,2012,149169,Petrol,Automatic,1,Bengaluru,1841,134.0,5,217424
Tata,Tiago,2022,40164,Diesel,Manual,2,Hyderabad,1548,99.1,5,392656
Tata,Tiago,2008,205589,Petrol,Automatic,3,Kolkata,1428,72.5,5,120000
Hyundai,i10,2009,186249,Petrol,Automatic,1,Delhi,1311,68.3,4,120000
Mahindra,XUV500,2012,160916,Hybrid,Automatic,1,Delhi,1414,98.7,5,419576
Honda,WR-V,2011,158005,Petrol,Manual,1,Hyderabad,800,59.8,5,201167
Maruti,Celerio,2024,9968,Petrol,Manual,2,Mumbai,1193,82.8,5,449400
Hyundai,Creta,2016,106765,Petrol,Manual,1,Bengaluru,1483,97.1,5,562361
Kia,Carens,2008,201198,Petrol,Manual,1,Hyderabad,1409,91.9,5,201892
Tata,Tigor,2022,31513,Petrol,Automatic,1,Chennai,800,45.9,7,469787
Honda,Amaze,2023,34166,CNG,Manual,1,Mumbai,1235,72.5,4,636250
Hyundai,i10,2008,200127,Diesel,Manual,2,Pune,954,54.3,5,120000
Mahindra,XUV500,2009,196581,Petrol,Manual,2,Hyderabad,952,69.5,5,227717
Hyundai,Creta,2021,49105,Diesel,Manual,1,Hyderabad,984,83.5,5,891107
Honda,Amaze,2021,48895,Petrol,Automatic,1,Chennai,1206,62.2,5,520659
Hyundai,Creta,2009,196175,CNG,Automatic,3,Delhi,1197,93.2,5,205143
Honda,WR-V,2019,73739,Diesel,Manual,1,Delhi,1023,79.0,4,547040
Toyota,Yaris,2008,202928,Diesel,Manual,1,Kolkata,1383,93.1,5,150804
Honda,City,2014,139492,Petrol,Manual,1,Pune,967,63.0,7,338786
Hyundai,Verna,2014,137066,Diesel,Automatic,1,Bengaluru,1034,72.3,5,351131
Toyota,Yaris,2016,105312,Petrol,Manual,1,Kolkata,1293,92.9,5,374924
Honda,City,2023,25129,Petrol,Manual,1,Mumbai,818,44.3,5,997241
Hyundai,i10,2023,18398,Petrol,Manual,1,Pune,800,41.8,5,394939
Mahindra,Bolero,2012,159072,CNG,Automatic,1,Pune,1252,79.6,5,221704
Maruti,Baleno,2008,203633,Electric,Manual,1,Mumbai,1565,114.7,5,137074
Hyundai,Creta,2009,178236,Diesel,Manual,1,Delhi,1206,80.6,7,236348
Maruti,Baleno,2020,58456,Petrol,Manual,1,Pune,1131,67.5,5,439328
Mahindra,XUV500,2011,174679,Petrol,Automatic,1,Hyderabad,800,44.6,5,335519
Hyundai,Verna,2014,130443,Petrol,Manual,1,Bengaluru,902,66.0,5,317659
Mahindra,Thar,2009,198518,Diesel,Manual,1,Chennai,1294,92.0,5,240240
Mahindra,Thar,2019,68564,Hybrid,Manual,1,Chennai,1458,95.5,5,814501
Toyota,Yaris,2011,168899,Petrol,Manual,1,Hyderabad,1303,91.0,5,198709
Maruti,Celerio,2010,181349,Diesel,Manual,1,Chennai,1197,64.0,5,120000
Toyota,Corolla,2014,135386,Petrol,Manual,2,Pune,1026,73.7,5,341392
Honda,Jazz,2021,44108,Diesel,Manual,4,Hyderabad,800,66.1,5,513999
Maruti,Dzire,2014,124983,Petrol,Manual,1,Chennai,1206,68.9,7,205151
Tata,Nexon,2014,130375,CNG,Manual,1,Chennai,988,59.3,5,380005
Honda,WR-V,2008,199529,Petrol,Manual,1,Delhi,1491,98.3,5,146813
Toyota,Yaris,2020,60660,Diesel,Manual,1,Hyderabad,1641,93.1,5,606581
Toyota,Corolla,2022,37851,Diesel,Manual,1,Hyderabad,1371,106.5,7,1020267
Kia,Seltos,2016,106800,Petrol,Manual,1,Bengaluru,1171,79.7,7,511398
Mahindra,Bolero,2018,87427,Petrol,Automatic,1,Chennai,1162,90.2,5,418970
Honda,Jazz,2009,197845,Petrol,Manual,1,Chennai,942,47.0,5,124263
Mahindra,XUV500,2016,106854,Petrol,Automatic,2,Chennai,1489,97.8,5,525794
Maruti,Swift,2008,199954,Petrol,Automatic,2,Kolkata,1404,94.4,5,120000
Hyundai,i20,2023,22353,Petrol,Manual,1,Delhi,800,64.3,5,822574
Toyota,Glanza,2016,104045,CNG,Automatic,2,Pune,800,59.9,5,270163
Kia,Sonet,2012,154646,CNG,Automatic,2,Pune,800,60.1,5,301850
Hyundai,i20,2017,88553,Diesel,Manual,1,Kolkata,1599,100.5,5,372219
Mahindra,XUV300,2015,118227,Petrol,Manual,1,Chennai,1072,67.0,4,305886
Kia,Sonet,2022,48640,CNG,Automatic,1,Chennai,1225,94.7,5,766543
Kia,Carens,2010,165043,Petrol,Manual,1,Mumbai,1128,68.3,5,327197
Hyundai,Creta,2013,141576,CNG,Manual,1,Bengaluru,1395,90.1,5,354539
Toyota,Corolla,2009,195221,Petrol,Manual,3,Pune,1351,89.1,5,177337
Tata,Tigor,2013,139250,Petrol,Manual,2,Pune,1329,96.6,5,171717
Maruti,Swift,2016,106881,Petrol,Manual,1,Mumbai,1104,74.5,5,249555
Maruti,Baleno,2011,164891,CNG,Manual,2,Pune,1002,56.2,5,176072
Toyota,Glanza,2013,140573,CNG,Manual,1,Bengaluru,939,76.1,5,223487
Hyundai,Creta,2022,47790,Petrol,Manual,2,Mumbai,1232,73.6,5,945487
Mahindra,XUV300,2011,162576,Petrol,Manual,2,Kolkata,907,67.8,5,212898
Kia,Sonet,2017,100978,Petrol,Manual,1,Chennai,800,55.7,5,437166
Tata,Tigor,2019,81902,CNG,Manual,1,Chennai,1306,103.9,5,295395
Mahindra,XUV500,2014,130471,Diesel,Manual,1,Pune,1499,99.4,5,489986
Hyundai,i10,2015,111284,Petrol,Manual,1,Bengaluru,1094,87.3,5,159862
Hyundai,Verna,2014,130600,Petrol,Manual,1,Chennai,1278,92.7,5,268250
Maruti,Dzire,2016,99687,Electric,Manual,3,Bengaluru,822,60.7,5,310644
Tata,Altroz,2011,168744,Petrol,Automatic,1,Delhi,800,40.0,5,178705
Toyota,Corolla,2011,164342,Petrol,Manual,1,Hyderabad,1492,98.4,5,308875
Toyota,Yaris,2022,41303,Electric,Automatic,1,Chennai,800,47.3,5,1109724
Maruti,Celerio,2015,116999,CNG,Manual,3,Hyderabad,915,62.2,5,120000
Maruti,Baleno,2014,136942,Diesel,Automatic,1,Hyderabad,1380,98.4,5,216147
Honda,Amaze,2022,39814,Diesel,Manual,2,Mumbai,1677,119.2,7,638711
Honda,City,2011,161063,Petrol,Manual,1,Delhi,800,65.7,5,283524
Tata,Tigor,2014,130447,Petrol,Manual,2,Hyderabad,1248,90.3,5,169988
Honda,Jazz,2012,150636,Hybrid,Manual,1,Hyderabad,1514,99.5,5,235736
Hyundai,Verna,2009,193326,Diesel,Manual,2,Mumbai,1395,99.3,5,208314
Mahindra,XUV300,2008,201910,Hybrid,Manual,1,Kolkata,1941,128.1,5,164077
Honda,WR-V,2019,68270,Diesel,Automatic,2,Bengaluru,1229,83.3,5,601873
Tata,Tigor,2010,180600,Diesel,Manual,1,Bengaluru,1146,64.0,5,120000
Maruti,Dzire,2023,27915,Petrol,Automatic,1,Hyderabad,1106,77.9,5,572123
Toyota,Corolla,2020,62581,Diesel,Automatic,2,Delhi,800,58.3,5,805092
Tata,Altroz,2010,178393,Petrol,Manual,2,Delhi,2077,117.3,5,121646
Hyundai,Creta,2016,115560,CNG,Manual,1,Pune,1311,95.4,7,486757
Honda,Jazz,2021,52978,Petrol,Automatic,1,Hyderabad,1058,71.7,5,598761
Honda,Jazz,2021,45843,Diesel,Manual,1,Pune,1477,107.5,5,577780
Maruti,Celerio,2014,130501,Petrol,Automatic,4,Pune,1072,65.7,7,120000
Mahindra,Thar,2014,137476,Petrol,Manual,2,Hyderabad,1257,77.1,5,376868
Toyota,Yaris,2021,43127,Petrol,Manual,1,Hyderabad,1055,71.9,5,801000
Kia,Seltos,2020,68083,Petrol,Manual,3,Mumbai,1405,91.9,5,835730
Honda,WR-V,2013,143652,Petrol,Manual,1,Bengaluru,800,66.7,7,251583
Maruti,Swift,2012,155915,CNG,Manual,1,Delhi,1378,93.6,5,129387
Kia,Sonet,2010,178850,Diesel,Manual,1,Mumbai,1850,122.6,5,216668
Tata,Tigor,2024,5000,Petrol,Automatic,1,Bengaluru,1086,72.6,5,714250
Hyundai,Verna,2017,96742,Petrol,Automatic,1,Bengaluru,1123,76.0,5,508766
Tata,Altroz,2010,182125,Diesel,Manual,1,Hyderabad,878,62.0,5,145257
Toyota,Glanza,2014,119220,Diesel,Automatic,2,Chennai,1673,108.9,5,232036
Hyundai,i20,2023,28038,Electric,Automatic,1,Chennai,1239,90.0,5,861982
Maruti,Dzire,2010,183510,Petrol,Manual,1,Delhi,1262,78.3,5,138955
Tata,Altroz,2015,113152,Petrol,Manual,1,Mumbai,984,68.8,4,237944
Toyota,Yaris,2023,18117,Diesel,Manual,1,Bengaluru,904,72.6,5,989045
Tata,Altroz,2009,195758,CNG,Manual,1,Pune,850,77.8,5,121820
Tata,Altroz,2020,56546,Diesel,Manual,1,Chennai,836,49.5,5,444174
Maruti,Baleno,2015,109915,Diesel,Manual,1,Delhi,1400,96.7,5,250375
Kia,Seltos,2009,197773,Petrol,Automatic,1,Mumbai,1117,90.9,5,272874
Kia,Carens,2009,187707,Diesel,Automatic,1,Delhi,862,46.7,7,239884
Kia,Sonet,2011,164217,CNG,Manual,2,Pune,1038,73.6,5,229316
Tata,Nexon,2017,92647,Petrol,Automatic,1,Delhi,1528,83.7,5,532908
Toyota,Etios,2015,111928,Petrol,Automatic,1,Pune,1135,87.3,5,235485
Toyota,Etios,2022,30107,Petrol,Manual,1,Mumbai,1137,80.5,5,544454
Toyota,Yaris,2008,211997,Petrol,Automatic,1,Hyderabad,1115,83.6,5,163942
Tata,Nexon,2022,35613,CNG,Manual,1,Bengaluru,800,47.4,5,1013308
Toyota,Glanza,2013,144316,Diesel,Manual,2,Kolkata,1422,100.8,5,165600
Toyota,Glanza,2011,173028,Hybrid,Manual,2,Hyderabad,1043,88.5,5,171255
Hyundai,Verna,2021,42196,Petrol,Manual,2,Chennai,1026,75.3,5,597886
Maruti,Dzire,2024,14379,Diesel,Automatic,1,Mumbai,1150,97.6,5,718174
Mahindra,Bolero,2009,196621,Hybrid,Manual,1,Delhi,1371,97.3,5,154251
Hyundai,i20,2018,91562,Petrol,Automatic,1,Kolkata,1562,89.5,5,425297
Mahindra,Bolero,2009,185839,Petrol,Manual,1,Kolkata,1076,75.5,5,151778
Tata,Nexon,2012,156912,Diesel,Manual,1,Hyderabad,1212,88.7,5,313461
Kia,Seltos,2011,174146,Petrol,Automatic,1,Bengaluru,1127,66.6,7,276827
Hyundai,Creta,2017,94833,Petrol,Automatic,1,Kolkata,800,62.9,5,511981
Kia,Seltos,2015,127506,Hybrid,Manual,2,Hyderabad,1062,46.9,5,450964
Kia,Sonet,2016,106651,Petrol,Manual,1,Bengaluru,1011,77.1,5,461131
Honda,Jazz,2022,48146,Diesel,Automatic,1,Bengaluru,1279,82.0,4,695322
Honda,WR-V,2014,128836,Diesel,Manual,1,Mumbai,1409,97.6,5,320458
Honda,Amaze,2018,86287,Diesel,Manual,3,Chennai,1251,72.4,7,343600
Maruti,Baleno,2013,134798,Petrol,Manual,1,Pune,1408,82.0,5,206262
Hyundai,Verna,2018,86503,Petrol,Manual,1,Pune,1111,57.7,5,559030
Hyundai,Verna,2011,165043,Petrol,Manual,1,Kolkata,1450,97.7,5,217197
Tata,Tiago,2019,76040,Petrol,Manual,1,Kolkata,800,57.1,5,279275
Toyota,Corolla,2016,106138,CNG,Automatic,3,Mumbai,1039,75.4,5,471370
Mahindra,Thar,2019,86019,Petrol,Automatic,2,Chennai,907,77.8,5,711426
Toyota,Etios,2012,154339,Petrol,Automatic,2,Chennai,982,63.3,5,151248
Honda,City,2022,40574,Diesel,Manual,1,Bengaluru,1214,73.6,5,978654
Hyundai,i20,2017,103437,Diesel,Manual,1,Kolkata,1477,101.2,5,365118
Tata,Tigor,2017,102795,Petrol,Automatic,1,Delhi,1288,86.8,7,272789
Kia,Carens,2018,78412,Petrol,Manual,1,Delhi,822,67.6,4,666346
Maruti,Swift,2015,121911,Hybrid,Automatic,2,Bengaluru,1376,101.4,5,212697
Honda,WR-V,2021,53488,Petrol,Automatic,2,Mumbai,1040,78.5,5,666341
Honda,City,2012,156982,Diesel,Manual,4,Pune,1201,90.8,5,272520
Hyundai,i20,2008,203761,Petrol,Manual,2,Hyderabad,1306,91.2,5,123057
Maruti,Celerio,2017,96524,Electric,Manual,1,Hyderabad,800,50.1,5,216013
Tata,Tigor,2015,126430,Hybrid,Manual,1,Pune,1491,105.8,5,245634
Tata,Tigor,2012,157458,Diesel,Manual,3,Bengaluru,1335,79.0,5,150129
Honda,WR-V,2013,149020,Petrol,Manual,1,Bengaluru,1468,95.6,5,246839
Maruti,Baleno,2012,161709,Petrol,Manual,1,Pune,1400,95.2,5,184279
Maruti,Swift,2012,144474,CNG,Automatic,1,Kolkata,1770,113.3,5,142714
Mahindra,XUV500,2020,57989,Diesel,Manual,1,Kolkata,1329,92.0,5,945924
Honda,City,2009,189241,Diesel,Automatic,1,Delhi,852,64.5,5,206074
Kia,Carens,2019,69862,Petrol,Manual,1,Mumbai,1220,73.7,5,787308
Mahindra,Thar,2024,10776,Petrol,Manual,2,Delhi,1252,79.8,5,1323877
Toyota,Yaris,2013,139811,CNG,Manual,1,Hyderabad,1784,131.2,5,261454
Maruti,Swift,2008,201179,CNG,Manual,2,Pune,1341,82.1,5,120000
Hyundai,i10,2013,146842,Petrol,Manual,3,Hyderabad,1270,81.4,5,126690
Kia,Seltos,2008,203927,Petrol,Manual,1,Mumbai,800,60.2,5,211580
Tata,Altroz,2012,161022,Petrol,Automatic,2,Pune,1151,74.8,5,194586
Hyundai,Creta,2013,140747,Petrol,Manual,2,Mumbai,1969,115.1,7,380626
Honda,City,2017,89594,Diesel,Manual,1,Delhi,1110,63.9,5,535247
Maruti,Dzire,2008,197036,Diesel,Automatic,1,Pune,1331,104.1,5,131482
Kia,Sonet,2022,31774,Petrol,Manual,1,Hyderabad,1765,114.7,5,801273
Mahindra,Thar,2013,146902,Petrol,Automatic,4,Bengaluru,805,60.0,7,354816
Maruti,Celerio,2015,117419,Petrol,Manual,1,Delhi,831,40.0,5,148978
Maruti,Swift,2018,87312,Petrol,Manual,1,Delhi,1214,85.6,7,302174
Mahindra,XUV500,2009,193127,Petrol,Manual,1,Chennai,1017,65.3,5,258829
Mahindra,Thar,2024,15090,Petrol,Manual,1,Chennai,1495,100.8,5,1495483
Honda,Amaze,2010,184177,Petrol,Manual,1,Mumbai,1079,75.6,5,154829
Maruti,Baleno,2016,103530,Petrol,Manual,1,Bengaluru,1526,102.8,5,262791
Kia,Carens,2014,135499,Petrol,Manual,2,Bengaluru,1578,105.5,5,456608
Mahindra,XUV500,2014,129823,Diesel,Manual,1,Pune,800,49.5,4,506970
Honda,Amaze,2020,66703,Petrol,Manual,1,Kolkata,1569,106.5,5,421323
Mahindra,Thar,2023,27349,Petrol,Automatic,1,Kolkata,1560,98.0,5,1236161
Tata,Tiago,2008,209768,Diesel,Automatic,1,Pune,800,66.1,5,120000
Mahindra,XUV300,2017,104268,Petrol,Automatic,2,Kolkata,1203,74.9,7,438686
Hyundai,Creta,2010,173695,Diesel,Manual,1,Mumbai,1298,88.3,5,236581
Hyundai,i10,2009,193554,Petrol,Automatic,1,Hyderabad,1302,90.0,5,120000
Maruti,Swift,2013,141254,Diesel,Manual,1,Chennai,1133,77.2,5,165618
Hyundai,i20,2008,203998,Petrol,Automatic,1,Hyderabad,1083,70.4,5,145336
Hyundai,i20,2010,180971,Diesel,Automatic,1,Delhi,1303,92.1,5,178460
Maruti,Swift,2019,69862,Petrol,Automatic,4,Bengaluru,1283,65.7,5,265830
Kia,Carens,2010,179711,Diesel,Automatic,1,Kolkata,1231,80.8,5,295184
Kia,Carens,2020,59506,Diesel,Manual,2,Hyderabad,800,52.0,5,846721
Hyundai,i10,2014,131761,Diesel,Manual,4,Hyderabad,1127,75.4,4,120000
Maruti,Swift,2010,184680,Petrol,Automatic,2,Kolkata,1013,55.8,5,120000
Kia,Carens,2017,95370,Petrol,Automatic,1,Pune,1262,76.8,5,639458
Maruti,Baleno,2011,163247,Diesel,Manual,1,Kolkata,1456,97.0,5,157205
Kia,Carens,2014,129325,Petrol,Automatic,1,Chennai,1340,86.5,5,449421
Honda,Jazz,2021,44233,Diesel,Automatic,1,Chennai,1297,86.1,5,631871
Maruti,Celerio,2016,114067,Petrol,Manual,1,Chennai,1024,93.3,5,150605
Maruti,Celerio,2018,75137,Petrol,Manual,1,Kolkata,1306,78.5,4,182944
Tata,Nexon,2017,92068,Petrol,Automatic,1,Mumbai,1230,81.0,5,670007
Mahindra,Bolero,2021,52100,CNG,Automatic,1,Hyderabad,1991,144.2,5,512237
Toyota,Corolla,2019,67312,Petrol,Automatic,2,Pune,1219,86.7,5,693336
Mahindra,Bolero,2014,136136,Petrol,Manual,1,Delhi,800,45.5,5,267964
Kia,Seltos,2017,98841,Petrol,Automatic,1,Bengaluru,952,56.2,5,577205
Toyota,Corolla,2024,15717,Diesel,Manual,2,Bengaluru,970,57.0,5,1233212
Honda,City,2008,194292,Petrol,Manual,2,Chennai,1128,87.5,5,166316
Toyota,Corolla,2023,22432,Petrol,Manual,1,Delhi,881,62.5,5,1045647
Kia,Seltos,2023,24627,Petrol,Automatic,1,Mumbai,990,61.2,4,1404855
Honda,Jazz,2013,146878,Petrol,Manual,1,Chennai,1666,113.1,5,194410
Kia,Seltos,2015,116759,Electric,Manual,1,Pune,915,47.1,5,586245
Hyundai,i20,2010,176853,Diesel,Manual,1,Pune,813,58.8,5,185019
Kia,Carens,2011,171436,Petrol,Manual,1,Delhi,1365,82.1,5,269096
Honda,Jazz,2011,166737,Petrol,Manual,2,Pune,846,43.3,5,171356
Toyota,Corolla,2021,43626,Petrol,Automatic,1,Delhi,1249,92.9,5,901712
Maruti,Celerio,2014,129873,Hybrid,Automatic,2,Chennai,1185,83.4,5,125785
Honda,WR-V,2024,14433,Diesel,Manual,1,Bengaluru,1209,86.8,4,825931
Toyota,Yaris,2022,35871,Diesel,Manual,1,Bengaluru,1497,97.5,5,874812
Tata,Tiago,2019,80228,Diesel,Manual,1,Mumbai,1020,70.6,5,333649
Honda,Amaze,2022,39094,Electric,Automatic,1,Delhi,1163,79.8,5,746227
Tata,Tigor,2013,135331,Petrol,Manual,1,Pune,1129,89.4,5,172861
Toyota,Etios,2015,119899,Diesel,Manual,1,Bengaluru,1193,77.9,7,253064
Honda,WR-V,2015,122467,Petrol,Manual,1,Mumbai,1194,71.3,5,350269
Hyundai,Verna,2017,97297,Diesel,Automatic,2,Kolkata,1311,85.7,5,431941
Mahindra,XUV300,2012,155165,Petrol,Manual,1,Bengaluru,1227,60.6,5,260257
Mahindra,XUV500,2024,16535,Petrol,Automatic,2,Chennai,996,78.3,5,1421479
Hyundai,i10,2018,86174,Hybrid,Manual,1,Bengaluru,1452,99.8,4,260456
Honda,City,2013,139614,Diesel,Manual,1,Delhi,1442,87.9,5,362213
Maruti,Baleno,2020,55897,Diesel,Manual,1,Bengaluru,1293,62.5,5,476140
Hyundai,Verna,2017,98007,Diesel,Manual,1,Pune,879,62.1,5,440692
Honda,Amaze,2011,174942,Petrol,Manual,1,Delhi,855,51.2,5,172703
Maruti,Celerio,2014,127240,Petrol,Automatic,1,Pune,1157,69.4,5,144096
Toyota,Corolla,2008,203963,Diesel,Manual,1,Pune,800,63.7,5,221621
Kia,Sonet,2015,117346,Petrol,Manual,2,Mumbai,1129,95.0,5,387007
Mahindra,XUV500,2022,37751,Electric,Manual,2,Hyderabad,1286,94.1,5,1398341
Hyundai,Verna,2020,56995,Diesel,Automatic,3,Hyderabad,1674,113.8,5,621263
Mahindra,XUV300,2021,47131,Diesel,Automatic,2,Delhi,945,66.9,5,698029
Tata,Nexon,2015,119513,Diesel,Manual,2,Delhi,819,67.0,5,381855
Mahindra,XUV300,2013,142873,Petrol,Manual,1,Delhi,1276,73.6,7,311516
Maruti,Dzire,2021,45346,Petrol,Manual,1,Chennai,1221,73.7,5,394582
Honda,City,2021,47361,Petrol,Manual,1,Bengaluru,1432,77.1,5,727271
Kia,Sonet,2013,138041,Hybrid,Automatic,1,Chennai,978,86.0,5,360710
Kia,Sonet,2023,18929,Petrol,Manual,1,Pune,1040,54.2,5,781157
Maruti,Dzire,2024,14617,Petrol,Manual,1,Delhi,898,71.9,5,548650
Mahindra,XUV300,2018,83422,Petrol,Automatic,1,Kolkata,1690,111.9,5,535872
Maruti,Dzire,2023,21805,Petrol,Manual,2,Hyderabad,1550,103.1,7,541218
Maruti,Celerio,2014,118976,Petrol,Manual,1,Bengaluru,800,48.3,5,157494
Mahindra,XUV300,2024,5664,Hybrid,Automatic,1,Chennai,1202,77.8,5,1090101
Maruti,Dzire,2014,129021,Petrol,Automatic,2,Delhi,1060,68.3,5,189609
Toyota,Corolla,2019,72834,Petrol,Automatic,1,Mumbai,800,64.3,5,715333
Honda,WR-V,2022,37183,CNG,Manual,1,Bengaluru,1159,75.5,5,747561
Mahindra,XUV300,2020,57395,Petrol,Manual,2,Mumbai,1146,73.8,5,679951
Kia,Seltos,2019,76991,Diesel,Automatic,1,Delhi,1533,99.0,5,861454
Maruti,Celerio,2016,103072,Diesel,Manual,1,Pune,1169,85.7,5,191645
Toyota,Corolla,2008,212490,Electric,Manual,1,Hyderabad,1202,85.4,5,236417
Toyota,Glanza,2019,66284,Diesel,Manual,1,Mumbai,800,59.6,5,447686
Honda,City,2015,112829,Petrol,Manual,2,Chennai,1195,94.8,5,371076
Mahindra,Thar,2024,10287,Petrol,Automatic,2,Bengaluru,1507,91.7,5,1452093
Kia,Sonet,2022,33649,Petrol,Manual,1,Bengaluru,1485,90.2,7,784732
Hyundai,i10,2010,184665,Petrol,Automatic,1,Kolkata,1647,102.2,7,120000
Kia,Carens,2014,123028,Diesel,Manual,1,Pune,1529,119.2,5,467661
Mahindra,XUV300,2012,153809,Diesel,Manual,3,Chennai,1603,112.6,4,239425
Mahindra,Thar,2022,28725,Petrol,Manual,4,Chennai,1153,76.1,5,925617
Kia,Carens,2012,150926,Diesel,Automatic,1,Kolkata,1286,83.6,5,371781
Kia,Sonet,2019,72645,CNG,Manual,2,Kolkata,800,53.1,5,577631
Kia,Seltos,2016,106709,Diesel,Manual,1,Delhi,1318,108.3,5,421300
Toyota,Etios,2021,44389,Petrol,Manual,4,Delhi,974,67.1,5,400419
Hyundai,Creta,2008,199545,Petrol,Automatic,2,Kolkata,2007,125.2,5,218511
Mahindra,XUV500,2019,78996,Diesel,Automatic,1,Bengaluru,888,68.6,5,876299
Mahindra,XUV500,2018,83470,Petrol,Automatic,1,Pune,1315,91.2,5,732943
Toyota,Glanza,2010,187370,Electric,Manual,1,Delhi,1285,95.2,5,181794
Honda,Amaze,2017,94496,Petrol,Manual,1,Kolkata,1058,68.4,5,313550
Toyota,Corolla,2010,178025,Petrol,Automatic,3,Kolkata,839,49.9,5,201993
Tata,Tigor,2012,147509,Hybrid,Automatic,1,Mumbai,800,61.8,5,189081
Kia,Sonet,2008,203055,Petrol,Manual,1,Delhi,1485,112.1,5,189596
Maruti,Baleno,2010,183056,Petrol,Manual,1,Delhi,1505,98.9,7,156094
Honda,Jazz,2011,160734,Diesel,Manual,1,Mumbai,1603,114.1,5,202608
Hyundai,i10,2013,140271,Petrol,Manual,3,Kolkata,1241,79.6,5,120000
Toyota,Etios,2012,153895,Petrol,Automatic,1,Bengaluru,1239,85.8,5,186138
Toyota,Yaris,2010,176730,Petrol,Manual,1,Delhi,1314,90.7,5,211200
Tata,Tigor,2014,125264,Petrol,Manual,2,Pune,1346,82.0,5,186517
Mahindra,XUV300,2024,5570,Petrol,Manual,2,Hyderabad,1141,72.4,5,848515
Mahindra,Thar,2011,177921,Diesel,Automatic,1,Mumbai,1496,91.5,5,358739
Maruti,Celerio,2021,47694,Petrol,Manual,2,Bengaluru,1220,106.1,5,320787
Kia,Seltos,2023,29128,Petrol,Manual,1,Pune,1001,73.5,5,1372721
Tata,Tiago,2023,30730,CNG,Manual,2,Pune,1546,83.1,5,496775
Hyundai,Creta,2015,120932,Petrol,Manual,2,Pune,1493,96.7,5,416828
Hyundai,i20,2013,147012,Petrol,Automatic,1,Kolkata,1021,58.5,5,201046
Honda,WR-V,2023,28269,Petrol,Manual,1,Delhi,1248,88.4,5,710052
Honda,WR-V,2019,72196,Hybrid,Manual,1,Pune,1490,104.6,4,525510
Toyota,Corolla,2013,141264,Diesel,Manual,1,Delhi,915,68.4,5,359165
Honda,City,2008,203887,Petrol,Manual,2,Mumbai,1143,93.2,5,158181
Maruti,Celerio,2011,170601,Petrol,Manual,2,Mumbai,1283,94.2,5,120000
Toyota,Glanza,2012,156585,Petrol,Manual,1,Hyderabad,800,67.7,5,185766
Hyundai,Creta,2012,153229,Petrol,Manual,1,Chennai,1155,66.3,7,327961
Maruti,Celerio,2018,80631,Petrol,Manual,2,Pune,1374,92.2,5,215227
Kia,Carens,2014,129211,Petrol,Manual,1,Chennai,1544,103.0,5,426158
Toyota,Etios,2021,46206,Petrol,Automatic,1,Chennai,972,74.5,5,473450
Tata,Tiago,2017,98550,Diesel,Automatic,1,Chennai,1487,89.5,5,262407
Honda,WR-V,2020,60978,Petrol,Manual,1,Chennai,1590,103.5,5,493511
Tata,Tigor,2024,13512,Hybrid,Manual,1,Chennai,800,40.0,7,563443
Hyundai,Creta,2011,176959,Petrol,Manual,1,Chennai,1027,92.0,5,275615
Hyundai,Verna,2017,94861,Diesel,Automatic,1,Bengaluru,1092,68.9,5,523405
Tata,Tiago,2009,190217,Diesel,Manual,1,Pune,815,54.2,5,120000
Mahindra,Thar,2009,194024,Petrol,Automatic,1,Pune,1699,110.1,5,261513
Honda,City,2008,212584,Petrol,Manual,2,Hyderabad,1270,76.1,5,145279
Hyundai,Creta,2009,188915,Petrol,Manual,1,Kolkata,1500,106.3,5,224269
Tata,Nexon,2012,157741,Petrol,Manual,1,Delhi,892,61.4,4,301287
Mahindra,Bolero,2014,131144,Petrol,Manual,1,Hyderabad,1399,83.8,5,293774
Mahindra,Thar,2013,130581,Diesel,Manual,2,Hyderabad,1002,69.7,5,390338
Mahindra,XUV300,2009,195862,Diesel,Manual,2,Pune,1269,67.8,5,187071
Kia,Seltos,2008,201907,CNG,Manual,3,Chennai,1090,91.3,5,159983
Kia,Seltos,2017,96379,Petrol,Manual,1,Mumbai,900,66.4,5,600002
Mahindra,XUV500,2017,98326,Petrol,Manual,1,Bengaluru,938,70.6,5,730334
Toyota,Corolla,2018,85375,Petrol,Manual,2,Hyderabad,1098,62.5,5,509705
Toyota,Corolla,2023,29173,Diesel,Manual,1,Mumbai,1035,78.7,5,1190865
Tata,Tiago,2011,169486,Petrol,Manual,1,Kolkata,1461,95.6,5,120000
Kia,Sonet,2020,50937,Petrol,Automatic,1,Pune,1221,106.9,5,801134
Maruti,Swift,2020,60012,Petrol,Manual,1,Mumbai,1071,67.6,5,373368
Tata,Altroz,2023,26872,Diesel,Manual,1,Kolkata,1335,72.8,5,593099
Toyota,Corolla,2010,187662,Diesel,Manual,3,Delhi,800,40.0,5,220818
Toyota,Yaris,2012,160292,Diesel,Manual,3,Delhi,958,76.7,5,216407
Maruti,Dzire,2008,199707,Petrol,Manual,1,Hyderabad,993,66.4,5,120000
Mahindra,Bolero,2010,173244,Petrol,Manual,1,Bengaluru,1123,77.1,4,154881
Kia,Seltos,2012,151593,CNG,Manual,2,Pune,1195,74.6,5,330741
Maruti,Celerio,2015,126645,Diesel,Manual,1,Pune,1258,79.9,5,150511
Mahindra,XUV300,2009,193305,Petrol,Manual,2,Chennai,800,58.4,5,156280
Kia,Carens,2012,158695,Diesel,Manual,3,Delhi,932,61.2,5,336032
Kia,Seltos,2017,94336,Diesel,Automatic,1,Delhi,976,52.9,5,631345
Tata,Nexon,2022,26068,Electric,Automatic,1,Delhi,930,64.8,7,1167963
Honda,City,2009,181733,Diesel,Manual,1,Hyderabad,800,49.3,5,192129
Maruti,Swift,2010,180941,Diesel,Automatic,1,Pune,811,43.0,7,121750
Honda,Jazz,2013,145481,Hybrid,Automatic,1,Kolkata,1594,125.0,5,238056
Kia,Sonet,2009,188002,Petrol,Automatic,1,Chennai,1153,72.6,4,197535
Honda,WR-V,2023,27141,Petrol,Manual,2,Delhi,1019,56.0,5,739460
Hyundai,i10,2011,165006,Petrol,Automatic,1,Chennai,800,57.7,5,120000
Mahindra,XUV300,2021,45213,CNG,Manual,1,Pune,1419,102.6,5,763699
Toyota,Glanza,2016,102630,Hybrid,Manual,2,Kolkata,1498,100.1,4,315164
Kia,Carens,2018,87299,Diesel,Manual,1,Chennai,1334,79.5,5,720578
Honda,City,2018,86888,Petrol,Automatic,2,Kolkata,1393,81.7,5,491384
Tata,Tiago,2012,153694,Diesel,Manual,1,Mumbai,1073,67.4,5,144943
Kia,Sonet,2021,53817,Diesel,Automatic,1,Bengaluru,1328,79.2,5,867659
Toyota,Glanza,2020,60619,Petrol,Manual,1,Mumbai,1138,68.5,5,535348
Kia,Seltos,2022,29781,Petrol,Manual,1,Chennai,1102,73.6,5,983674
Mahindra,Bolero,2018,82597,Diesel,Manual,1,Chennai,1152,64.4,5,407074
Honda,WR-V,2013,146028,Diesel,Automatic,3,Mumbai,1155,71.9,5,211682
Kia,Seltos,2017,101279,Petrol,Manual,1,Kolkata,1307,78.3,7,525091
Hyundai,i10,2016,108722,Diesel,Manual,3,Kolkata,1042,78.7,5,167986
Kia,Carens,2023,14020,Diesel,Manual,3,Chennai,800,63.7,7,1183130
Tata,Tiago,2023,29960,Petrol,Manual,2,Kolkata,2200,161.2,5,452237
Toyota,Yaris,2015,120517,Petrol,Manual,1,Chennai,1256,93.8,5,306932
Tata,Tiago,2020,62265,Petrol,Manual,1,Pune,1497,72.7,5,377986
Mahindra,XUV300,2016,108890,Petrol,Automatic,1,Mumbai,1231,89.8,5,474359
Kia,Seltos,2020,70927,CNG,Manual,2,Pune,1537,112.2,5,809571
Tata,Tiago,2019,74079,Diesel,Manual,1,Kolkata,1120,60.3,7,303757
Maruti,Baleno,2020,57856,Diesel,Manual,1,Mumbai,1723,133.6,5,440635
Tata,Tigor,2024,11258,Petrol,Manual,2,Chennai,1354,89.7,5,573467
Toyota,Yaris,2014,138791,Petrol,Automatic,2,Bengaluru,1125,76.0,5,303465
Hyundai,i20,2013,143900,Petrol,Manual,2,Kolkata,913,68.1,5,185184
Mahindra,XUV500,2019,67603,Petrol,Automatic,1,Mumbai,1275,91.6,5,939570
Tata,Tigor,2020,58395,Petrol,Automatic,2,Kolkata,800,50.4,7,325461
Tata,Altroz,2015,116996,Petrol,Automatic,1,Hyderabad,1024,53.3,5,260148
Toyota,Etios,2011,165526,Diesel,Manual,2,Chennai,800,42.9,5,145155
Mahindra,Thar,2010,180990,CNG,Manual,1,Bengaluru,956,60.7,5,305732
Honda,City,2019,77713,Petrol,Automatic,1,Chennai,834,50.9,5,659099
Tata,Tiago,2011,175083,Diesel,Manual,1,Hyderabad,1091,79.7,5,120000
Hyundai,Creta,2014,133907,Petrol,Manual,1,Chennai,1160,86.3,5,377537
Kia,Sonet,2021,48849,Hybrid,Automatic,1,Hyderabad,1636,112.1,5,853464
Toyota,Yaris,2016,106040,Petrol,Manual,1,Kolkata,800,50.7,5,392261
Maruti,Celerio,2014,129149,Petrol,Manual,1,Bengaluru,1391,83.3,5,142125
Toyota,Corolla,2008,211592,CNG,Automatic,1,Hyderabad,1280,75.1,5,201730
Maruti,Celerio,2022,25213,Petrol,Manual,1,Pune,1196,66.6,5,331517
Kia,Seltos,2020,56975,Petrol,Manual,1,Hyderabad,1047,57.0,5,855604
Mahindra,Bolero,2016,113764,Petrol,Manual,1,Chennai,1399,79.4,5,265438
Tata,Altroz,2010,176683,Petrol,Manual,1,Delhi,806,47.8,5,131180
Tata,Nexon,2013,153861,Petrol,Manual,1,Pune,800,53.3,7,323417
Kia,Seltos,2019,76721,Diesel,Manual,1,Bengaluru,1157,71.5,5,746304
Mahindra,XUV300,2013,145395,Petrol,Automatic,2,Hyderabad,1681,119.8,5,297441
Honda,Jazz,2009,192885,Petrol,Manual,1,Mumbai,800,58.9,5,152588
Maruti,Swift,2016,106071,Petrol,Manual,1,Kolkata,1260,88.4,5,206568
Tata,Nexon,2009,190409,Hybrid,Manual,1,Hyderabad,1799,124.3,4,230684
Hyundai,Verna,2008,203097,Petrol,Manual,1,Bengaluru,800,58.7,5,169085
Mahindra,XUV500,2022,32005,Hybrid,Automatic,1,Kolkata,1045,75.2,5,1378592
Mahindra,Bolero,2023,13422,Petrol,Manual,2,Chennai,1351,82.6,5,668054
Honda,Jazz,2020,54993,Diesel,Manual,2,Hyderabad,996,58.8,5,526068
Honda,WR-V,2020,61144,Diesel,Manual,1,Bengaluru,800,49.1,5,570014
Toyota,Yaris,2012,154879,Petrol,Manual,1,Delhi,1391,92.9,5,252897
Maruti,Dzire,2014,127210,Diesel,Manual,1,Kolkata,1131,78.9,5,213847
Maruti,Baleno,2015,119712,Petrol,Manual,1,Hyderabad,1807,116.8,5,244203
Tata,Tigor,2012,157658,Petrol,Manual,2,Kolkata,1513,111.3,5,130914
Toyota,Corolla,2020,58149,Petrol,Manual,2,Kolkata,1025,72.3,7,702492
Maruti,Swift,2022,32517,CNG,Automatic,1,Chennai,1132,81.4,5,424754
Honda,Amaze,2023,21805,Diesel,Manual,1,Hyderabad,996,64.2,5,605779
Mahindra,XUV500,2012,155239,Petrol,Automatic,1,Chennai,1584,116.4,5,399180
Hyundai,i20,2013,136159,Petrol,Manual,2,Delhi,1145,79.6,5,231186
Toyota,Yaris,2022,36571,Petrol,Manual,1,Kolkata,1288,95.4,7,785049
Hyundai,Verna,2021,51669,Petrol,Automatic,1,Pune,1304,89.5,5,700644
Hyundai,i10,2008,199226,Diesel,Manual,2,Chennai,1305,91.0,5,120000
Tata,Tigor,2018,78494,Petrol,Manual,1,Kolkata,800,57.5,5,311079
Hyundai,Verna,2023,25665,Petrol,Manual,3,Hyderabad,1477,106.8,5,759274
Honda,WR-V,2023,22068,Petrol,Manual,1,Hyderabad,1591,89.1,5,752215
Hyundai,i20,2014,132898,CNG,Automatic,1,Mumbai,1044,70.0,5,281079
Toyota,Etios,2011,168949,Petrol,Manual,1,Chennai,1385,94.6,7,152965
Kia,Seltos,2019,76184,Petrol,Automatic,1,Pune,1606,111.2,5,787978
Honda,Amaze,2015,117575,Petrol,Automatic,1,Hyderabad,1064,62.0,5,262676
Toyota,Etios,2021,48137,Diesel,Manual,1,Bengaluru,960,68.8,7,521705
Maruti,Celerio,2012,149869,Petrol,Manual,1,Delhi,1536,92.0,5,120000
Maruti,Dzire,2024,17982,Hybrid,Automatic,1,Chennai,1126,75.4,5,736138
Tata,Altroz,2022,40916,Petrol,Manual,1,Hyderabad,1404,100.5,5,541995
Kia,Carens,2017,100399,Hybrid,Manual,1,Bengaluru,1355,89.1,5,645825
Honda,WR-V,2009,191158,Diesel,Manual,2,Pune,800,66.8,5,169826
Hyundai,Verna,2013,148033,Petrol,Manual,2,Bengaluru,1291,102.7,7,234492
Kia,Seltos,2024,10448,Petrol,Manual,1,Kolkata,1457,91.8,5,1273585
Hyundai,i10,2014,119281,Petrol,Manual,2,Mumbai,1341,86.3,4,157603
Maruti,Swift,2023,25047,Petrol,Manual,1,Kolkata,1224,73.1,5,507846
Honda,Amaze,2014,140495,Diesel,Manual,1,Bengaluru,1189,84.5,5,260716
Tata,Altroz,2017,93187,Petrol,Manual,1,Bengaluru,1246,93.0,5,336155
Maruti,Swift,2024,7203,Diesel,Manual,1,Pune,1567,108.7,5,651882
Kia,Carens,2009,194399,Petrol,Manual,1,Mumbai,1137,72.1,5,255593
Kia,Sonet,2018,86661,Petrol,Manual,1,Chennai,1110,60.6,5,475517
Kia,Carens,2023,26309,Petrol,Manual,1,Hyderabad,1154,72.4,5,1213937
Maruti,Dzire,2023,25925,Hybrid,Manual,1,Bengaluru,1404,90.3,5,626437
Kia,Carens,2016,114192,Petrol,Manual,1,Bengaluru,1395,80.2,5,559810
Hyundai,Verna,2009,195918,CNG,Manual,1,Bengaluru,1253,83.7,5,202024
Mahindra,XUV500,2008,202809,Diesel,Automatic,1,Chennai,1407,111.1,5,258467
Tata,Nexon,2024,19276,Diesel,Automatic,1,Hyderabad,957,58.9,7,1072897
Maruti,Celerio,2015,129074,Petrol,Automatic,2,Kolkata,1384,88.9,5,145729
Kia,Sonet,2020,67102,Petrol,Manual,2,Mumbai,1758,114.5,5,726322
Kia,Seltos,2017,83554,Diesel,Manual,1,Kolkata,1589,119.0,5,612981
Maruti,Dzire,2022,42875,Diesel,Manual,1,Mumbai,1043,67.1,7,557112
Maruti,Baleno,2008,200059,Petrol,Automatic,1,Bengaluru,1550,116.3,5,125963
Maruti,Baleno,2013,144020,Diesel,Automatic,4,Bengaluru,1344,86.2,5,194356
Maruti,Celerio,2016,110702,Petrol,Automatic,3,Mumbai,1353,93.4,5,165229
Kia,Seltos,2008,202129,Petrol,Automatic,2,Hyderabad,836,49.0,4,184927
Mahindra,XUV300,2016,102375,Diesel,Manual,1,Hyderabad,1591,112.0,5,399025
Kia,Carens,2022,36966,Diesel,Manual,2,Mumbai,1059,63.1,5,1147570
Hyundai,Creta,2011,171281,Diesel,Automatic,1,Chennai,1286,83.0,5,354803
Kia,Seltos,2013,144801,CNG,Manual,1,Hyderabad,1009,81.6,5,346841
Honda,City,2022,34732,Diesel,Manual,1,Pune,800,48.3,5,966604
Tata,Tigor,2011,167030,Hybrid,Manual,2,Hyderabad,1210,72.7,5,155032
Maruti,Dzire,2012,162773,Diesel,Automatic,1,Mumbai,800,57.4,5,218494
Tata,Altroz,2015,115784,Petrol,Manual,1,Bengaluru,1118,67.4,4,260201
Mahindra,Thar,2020,62578,Petrol,Manual,1,Bengaluru,1303,79.9,5,911393
Kia,Seltos,2020,54718,CNG,Automatic,1,Delhi,929,59.7,5,820128
Toyota,Corolla,2020,63717,Petrol,Manual,1,Hyderabad,1232,90.3,7,831282
Kia,Sonet,2018,86367,Petrol,Manual,1,Pune,1100,67.4,5,583581
Hyundai,Verna,2021,46884,Petrol,Manual,4,Kolkata,1925,125.6,5,582619
Tata,Tigor,2020,63438,Hybrid,Manual,1,Kolkata,1289,81.6,5,367775
Tata,Tiago,2018,79919,Petrol,Manual,2,Mumbai,836,50.9,5,289401
Hyundai,Verna,2015,122937,Petrol,Manual,1,Kolkata,1149,76.1,5,324226
Toyota,Corolla,2019,74140,Petrol,Manual,2,Hyderabad,1419,92.5,5,553778
Tata,Altroz,2010,190898,CNG,Manual,3,Chennai,1504,111.4,5,120000
Toyota,Yaris,2024,6823,CNG,Manual,1,Delhi,1373,88.3,5,952550
Maruti,Baleno,2012,157368,Petrol,Manual,1,Pune,1288,85.2,5,184353
Toyota,Glanza,2009,197179,CNG,Automatic,3,Kolkata,1067,73.1,5,120000
Maruti,Swift,2016,107251,Petrol,Manual,1,Delhi,1436,93.7,5,219307
Tata,Tigor,2009,194290,Petrol,Manual,1,Mumbai,800,69.3,5,123836
Maruti,Celerio,2011,167257,Diesel,Manual,1,Mumbai,1093,79.6,5,120000
Maruti,Dzire,2015,108413,Diesel,Automatic,1,Hyderabad,1211,78.9,5,276434
Honda,City,2017,99503,CNG,Manual,1,Chennai,1235,74.8,5,509322
Mahindra,XUV300,2011,168559,Petrol,Manual,1,Hyderabad,800,45.7,7,237948
Tata,Tigor,2010,177855,Electric,Automatic,1,Pune,1150,77.0,5,168031
Tata,Altroz,2022,29931,Diesel,Manual,1,Hyderabad,1140,82.4,5,598811
Tata,Altroz,2017,103866,Petrol,Automatic,3,Pune,940,62.7,5,301114
Tata,Tigor,2016,117452,Electric,Manual,2,Bengaluru,1419,95.4,5,279838
Mahindra,Bolero,2017,87626,Petrol,Manual,1,Kolkata,800,61.4,5,334081
Toyota,Yaris,2020,51560,Petrol,Manual,1,Bengaluru,881,59.7,5,585796
Tata,Tigor,2022,39567,Petrol,Manual,3,Mumbai,1310,91.9,5,417750
Honda,WR-V,2023,25507,Petrol,Automatic,1,Kolkata,1214,75.0,5,847929
Honda,City,2015,123692,Petrol,Manual,1,Chennai,1145,61.1,5,363397
Hyundai,i10,2024,11795,Petrol,Manual,3,Mumbai,1588,111.6,5,428489
Toyota,Glanza,2008,200737,Hybrid,Manual,1,Chennai,1048,65.6,4,120000
Hyundai,i10,2018,89358,Diesel,Automatic,2,Mumbai,800,52.0,5,265490
Honda,WR-V,2016,106124,Petrol,Manual,1,Chennai,1231,75.3,5,309631
Hyundai,Verna,2009,188042,Diesel,Manual,1,Kolkata,976,63.1,7,188738
Maruti,Baleno,2010,174501,Petrol,Automatic,1,Mumbai,1389,94.2,4,155109
Kia,Sonet,2022,36388,Petrol,Automatic,1,Delhi,1161,89.5,5,821452
Maruti,Dzire,2022,40738,Petrol,Manual,3,Chennai,1112,70.9,5,392183
Mahindra,Bolero,2024,7692,Petrol,Automatic,1,Bengaluru,885,68.6,5,900464
Mahindra,XUV300,2021,52932,Diesel,Automatic,1,Chennai,1353,107.1,5,613845
Mahindra,XUV500,2012,160023,Diesel,Manual,2,Delhi,1210,97.4,5,327198
Hyundai,Verna,2024,20154,Hybrid,Manual,3,Hyderabad,1730,122.8,5,920850
Mahindra,Thar,2016,102353,Petrol,Manual,1,Kolkata,1734,109.3,5,533685
Mahindra,XUV300,2021,53978,CNG,Automatic,1,Kolkata,800,73.7,5,770396
Maruti,Swift,2021,52379,Diesel,Manual,1,Kolkata,970,59.2,5,408666
Tata,Tiago,2023,22614,CNG,Manual,1,Pune,1188,65.3,7,481291
Tata,Altroz,2021,41044,Diesel,Manual,1,Kolkata,1160,65.3,5,498857
Kia,Sonet,2011,174570,Petrol,Manual,1,Pune,1112,75.1,5,214565
Kia,Sonet,2022,30223,Diesel,Automatic,1,Chennai,1193,77.4,5,934921
Mahindra,XUV500,2017,100145,Petrol,Automatic,3,Chennai,1016,41.9,5,641652
Toyota,Glanza,2018,86771,Diesel,Manual,1,Hyderabad,1030,91.0,5,413382
Kia,Carens,2023,21335,Petrol,Manual,1,Pune,1545,107.5,5,1160600
Toyota,Etios,2013,140690,Diesel,Automatic,1,Mumbai,1280,84.5,5,219312
Honda,Amaze,2021,49779,Petrol,Automatic,1,Mumbai,800,61.9,5,606832
Toyota,Yaris,2010,183947,Petrol,Manual,1,Kolkata,1531,109.7,5,195791
Honda,Jazz,2015,115648,Petrol,Automatic,1,Chennai,1160,69.3,5,267565
Hyundai,Creta,2008,203955,Diesel,Automatic,1,Hyderabad,1192,105.5,5,272705
Maruti,Celerio,2023,20766,Petrol,Automatic,1,Chennai,1562,84.7,7,394643
Tata,Tigor,2021,59041,Petrol,Automatic,1,Mumbai,1272,79.8,5,475109
Kia,Carens,2021,42233,Petrol,Manual,2,Pune,1034,77.9,5,957859
Toyota,Etios,2009,193804,Hybrid,Manual,1,Mumbai,1360,95.0,5,121183
Mahindra,XUV500,2022,37889,Petrol,Automatic,1,Hyderabad,1041,57.7,4,1316942
Mahindra,Bolero,2024,5872,Petrol,Automatic,1,Bengaluru,816,49.9,5,919466
Maruti,Dzire,2019,68499,Petrol,Manual,4,Mumbai,1544,100.2,5,374479
Toyota,Yaris,2014,126338,Diesel,Automatic,1,Pune,800,60.2,5,373943
Toyota,Glanza,2022,36813,Petrol,Automatic,1,Kolkata,1427,97.0,5,593276
Tata,Tigor,2024,15150,Petrol,Manual,2,Delhi,1297,87.0,4,522320
Kia,Seltos,2013,146122,Hybrid,Manual,2,Chennai,1262,72.2,5,379159
Honda,Jazz,2010,171439,CNG,Automatic,1,Kolkata,1519,91.5,5,161244
Honda,Amaze,2011,167949,Petrol,Manual,1,Delhi,1616,86.6,5,139898
Honda,Jazz,2024,9026,CNG,Manual,1,Pune,1215,81.6,5,836238
Mahindra,XUV300,2024,8804,Diesel,Manual,1,Chennai,1452,85.7,5,935098
Kia,Carens,2014,128426,Petrol,Manual,1,Mumbai,823,56.4,5,516538
Hyundai,Creta,2013,135886,Diesel,Manual,3,Hyderabad,1304,77.5,5,354577
Mahindra,Bolero,2019,76346,Petrol,Manual,1,Mumbai,1230,86.2,7,479492
Mahindra,Bolero,2021,54293,Petrol,Automatic,1,Hyderabad,869,51.1,7,571752
Kia,Seltos,2017,98575,CNG,Automatic,1,Delhi,1131,61.8,5,610493
Mahindra,Bolero,2017,94761,Petrol,Manual,1,Pune,1215,76.2,5,418487
Kia,Seltos,2008,202379,Petrol,Manual,1,Delhi,800,43.5,4,214450
Maruti,Baleno,2013,144955,Petrol,Automatic,1,Pune,937,81.1,5,221073
Kia,Carens,2016,105418,Diesel,Manual,1,Kolkata,1622,102.9,4,487151
Mahindra,XUV300,2014,127848,Petrol,Automatic,2,Pune,1223,75.9,5,336040
Tata,Tiago,2012,150734,CNG,Manual,1,Bengaluru,1016,61.2,5,148702
Tata,Tiago,2008,207934,Petrol,Automatic,1,Hyderabad,800,60.3,5,120000
Maruti,Baleno,2024,11872,Diesel,Manual,1,Pune,1416,81.3,5,751881
Kia,Sonet,2021,44279,Petrol,Manual,1,Kolkata,1211,85.8,5,692467
Kia,Seltos,2008,199388,Diesel,Automatic,1,Delhi,805,59.5,5,227888
Kia,Carens,2018,89453,Petrol,Manual,1,Bengaluru,1022,68.6,5,587832
Mahindra,XUV300,2019,69789,Hybrid,Automatic,2,Chennai,1611,103.9,5,566494
Hyundai,i20,2016,111815,Diesel,Manual,1,Delhi,946,73.6,5,318479
Maruti,Swift,2019,73133,Hybrid,Automatic,1,Bengaluru,1658,110.7,7,377958
Toyota,Glanza,2008,201140,Hybrid,Manual,1,Hyderabad,1168,83.6,5,131289
Hyundai,Creta,2009,184527,Petrol,Automatic,2,Pune,1245,72.4,5,235289
Maruti,Baleno,2015,117223,Petrol,Manual,3,Bengaluru,1105,72.4,5,238765
Maruti,Baleno,2013,140798,Diesel,Manual,3,Chennai,1092,51.1,5,167861
Maruti,Dzire,2017,98247,Petrol,Automatic,1,Pune,1625,113.0,4,293550
Tata,Tigor,2023,18728,Petrol,Manual,2,Hyderabad,800,40.0,5,517562
Hyundai,Creta,2015,116534,Petrol,Automatic,1,Pune,1669,116.2,4,532976
Honda,WR-V,2023,29328,Diesel,Manual,1,Hyderabad,1030,61.5,5,765646
Kia,Seltos,2010,177821,Diesel,Manual,2,Bengaluru,1234,80.2,4,295503
Hyundai,Verna,2020,56512,Diesel,Manual,1,Bengaluru,983,66.6,5,673778
Maruti,Celerio,2020,62488,Petrol,Manual,2,Mumbai,1428,80.1,5,273963
Honda,City,2018,87723,Petrol,Automatic,1,Mumbai,1251,82.8,5,549048
Kia,Sonet,2018,82758,Petrol,Manual,1,Pune,1342,87.0,5,564610
Mahindra,Bolero,2011,168864,Diesel,Manual,1,Pune,1277,98.8,5,173173
Kia,Sonet,2015,122754,Diesel,Automatic,2,Pune,1517,96.8,7,376780
Hyundai,Creta,2017,90612,Diesel,Manual,1,Chennai,1135,88.7,5,537111
Hyundai,Creta,2009,188792,Hybrid,Manual,1,Chennai,1414,85.9,5,213419
Mahindra,Bolero,2018,86909,Diesel,Manual,1,Kolkata,1127,72.5,5,379185
Hyundai,i10,2012,161582,Petrol,Manual,2,Hyderabad,1704,112.1,5,120000
Hyundai,Verna,2012,155498,Diesel,Automatic,2,Mumbai,1594,115.2,5,269160
Toyota,Glanza,2015,119895,Diesel,Manual,2,Bengaluru,1077,79.5,5,243576
Honda,Jazz,2014,140719,Petrol,Manual,1,Delhi,1211,68.5,5,230461
Toyota,Glanza,2014,131295,CNG,Manual,4,Chennai,1253,58.9,5,173782
Toyota,Yaris,2015,117729,Petrol,Automatic,1,Kolkata,1363,88.9,4,325413
Toyota,Yaris,2016,104124,Diesel,Manual,1,Mumbai,1403,90.5,5,449313
Toyota,Etios,2015,117486,Petrol,Manual,2,Pune,1355,74.3,5,236431
Tata,Altroz,2012,152367,Petrol,Manual,1,Kolkata,1331,97.5,5,171591
Kia,Seltos,2024,12929,Petrol,Manual,1,Hyderabad,1281,89.8,5,1232582
Tata,Tigor,2020,64265,CNG,Manual,1,Hyderabad,1238,87.6,5,306434
Mahindra,XUV300,2017,95920,Diesel,Automatic,1,Hyderabad,1314,91.7,5,531033
Toyota,Corolla,2013,141402,Petrol,Manual,1,Kolkata,1254,87.7,7,303623
Kia,Seltos,2018,93144,Petrol,Automatic,4,Bengaluru,1141,69.7,5,669872
Mahindra,Bolero,2010,178791,CNG,Manual,1,Mumbai,1397,88.8,5,180114
Honda,Jazz,2014,137303,Petrol,Manual,1,Hyderabad,901,47.2,5,230431
Mahindra,XUV500,2010,184632,Diesel,Automatic,2,Bengaluru,800,41.0,4,342512
Honda,Amaze,2020,65536,Hybrid,Manual,1,Chennai,891,59.3,5,433697
Honda,WR-V,2022,37200,Petrol,Automatic,3,Kolkata,1552,94.0,5,609081
Mahindra,XUV300,2016,113120,Petrol,Automatic,3,Bengaluru,1299,98.4,5,364134
Maruti,Celerio,2019,76061,Petrol,Automatic,4,Pune,1020,75.6,4,219472
Maruti,Dzire,2015,119808,Diesel,Automatic,1,Kolkata,940,62.0,5,230274
Toyota,Etios,2011,163623,Diesel,Manual,1,Bengaluru,1166,92.2,5,165820
Honda,City,2016,104015,Diesel,Automatic,2,Mumbai,1277,71.3,5,499338
Mahindra,XUV300,2009,187559,Petrol,Automatic,1,Pune,1258,74.4,5,188909
Maruti,Baleno,2021,46949,Petrol,Automatic,1,Bengaluru,1212,62.3,5,633067
Kia,Sonet,2012,162887,Petrol,Manual,1,Pune,1551,110.6,5,291992
Mahindra,Bolero,2017,98174,Diesel,Manual,2,Delhi,1226,88.0,5,350111
Mahindra,XUV300,2015,118952,CNG,Manual,2,Mumbai,1661,119.6,5,338605
Toyota,Etios,2021,50692,Diesel,Manual,1,Delhi,800,40.0,5,458040
Mahindra,XUV500,2008,204015,Petrol,Automatic,1,Hyderabad,1269,71.0,5,234398
Kia,Carens,2017,92779,CNG,Manual,1,Hyderabad,1111,83.0,5,573488
Kia,Carens,2009,187304,CNG,Manual,3,Bengaluru,1153,62.9,5,262967
Mahindra,Bolero,2009,194360,Petrol,Manual,1,Kolkata,1696,119.2,5,136976
Honda,Amaze,2019,81676,Petrol,Automatic,1,Delhi,890,79.4,5,409230
Maruti,Dzire,2020,60466,Petrol,Automatic,1,Delhi,1437,104.1,5,390459
Tata,Altroz,2016,107108,Electric,Manual,1,Mumbai,1527,112.6,5,307254
Maruti,Celerio,2021,60235,Petrol,Manual,2,Pune,1191,83.5,5,267291
Honda,WR-V,2024,12618,Petrol,Automatic,1,Hyderabad,1121,65.1,5,910899
Mahindra,XUV300,2021,52569,Diesel,Manual,1,Delhi,1002,66.6,5,747850
Tata,Altroz,2023,25948,Diesel,Manual,1,Kolkata,1394,103.1,5,553429
Hyundai,i20,2016,105879,Hybrid,Automatic,1,Bengaluru,1871,107.6,5,360119
